DRUG_CODE_ID,DESCRIPTION,BNF1,BNF2,BNF3,ATC,DATABASE
8344,Diazepam 5mg suppository Diazepam 5mg Suppository Rectal,04010200,04080200,null,null,CPRD_GOLD
3447,DIAZEMULS 10 MG INJ    ,00000000,null,null,null,CPRD_GOLD
55774,Bromazepam 3mg tablets Bromazepam 3mg Tablet Oral,04010000,null,null,null,CPRD_GOLD
24519,DIAZEPAM    ,00000000,null,null,null,CPRD_GOLD
45313,Diazepam 2mg tablets (Almus Pharmaceuticals Ltd) Diazepam 2mg Tablet Oral,04010201,04080400,04105000,null,CPRD_GOLD
34340,Diazepam 10mg tablets (Ranbaxy (UK) Ltd) Diazepam 10mg Tablet Oral,04010201,04080200,04080300,null,CPRD_GOLD
9045,Diazepam 1mg/5ml suspension Diazepam 1mg/5ml Suspension Oral,04010100,04010200,null,null,CPRD_GOLD
24386,XANAX    ,00000000,null,null,null,CPRD_GOLD
20701,CHLORDIAZEPOXIDE    ,00000000,null,null,null,CPRD_GOLD
46913,Diazepam 10mg tablets (IVAX Pharmaceuticals UK Ltd) Diazepam 10mg Tablet Oral,04010201,04080200,04080300,null,CPRD_GOLD
74743,Lorazepam 2mg/1ml solution for injection ampoules Lorazepam 2mg/1ml Solution for injection Intramuscular/Intravenous,04010201,04080200,15010401,null,CPRD_GOLD
75473,Diazepam 2.5mg/5ml oral suspension (Special Order) Diazepam 500microgram/1ml Oral suspension Oral,04010201,04080200,04080300,null,CPRD_GOLD
31633,Valclair 10mg suppositories (Durbin Plc) Diazepam 10mg Suppository Rectal,04010201,04080200,04080300,null,CPRD_GOLD
21464,Medazepam 5mg Capsule Medazepam 5mg Capsule Oral,04010200,null,null,null,CPRD_GOLD
48010,Clobazam 25mg/5ml oral suspension Clobazam 5mg/1ml Oral suspension Oral,04080100,null,null,null,CPRD_GOLD
41988,Chlordiazepoxide 10mg Tablet (DDSA Pharmaceuticals Ltd) Chlordiazepoxide hydrochloride 10mg Tablet Oral,04010200,null,null,null,CPRD_GOLD
24642,Milonorm 400mg Tablet (Wallace Manufacturing Chemists Ltd) Meprobamate 400mg Tablet Oral,04010200,10020200,null,null,CPRD_GOLD
79029,Diazepam 10mg Rectal tubes (Hillcross Pharmaceuticals Ltd) Diazepam 4mg/1ml Enema Rectal,04010200,04080200,null,null,CPRD_GOLD
20692,CHLORDIAZEPOXIDE    ,00000000,null,null,null,CPRD_GOLD
41553,Oxazepam 10mg tablets (Genus Pharmaceuticals Ltd) Oxazepam 10mg Tablet Oral,04010201,null,null,null,CPRD_GOLD
43240,Buspirone 5mg tablets (Mylan) Buspirone hydrochloride 5mg Tablet Oral,04010200,null,null,null,CPRD_GOLD
56236,Diazepam 2mg tablets (Wockhardt UK Ltd) Diazepam 2mg Tablet Oral,04010201,04080400,04105000,null,CPRD_GOLD
33672,Diazepam 2mg tablets (A A H Pharmaceuticals Ltd) Diazepam 2mg Tablet Oral,04010201,04080400,04105000,null,CPRD_GOLD
41411,Oxazepam 15mg tablets (A A H Pharmaceuticals Ltd) Oxazepam 15mg Tablet Oral,04010201,null,null,null,CPRD_GOLD
15429,CLOBAZAM 5 MG CAP    ,00000000,null,null,null,CPRD_GOLD
38410,Diazepam 5mg Rectal tubes (Hillcross Pharmaceuticals Ltd) Diazepam 2mg/1ml Enema Rectal,04010200,04080200,null,null,CPRD_GOLD
67785,Diazepam 5mg tablets (Wockhardt UK Ltd) Diazepam 5mg Tablet Oral,04010201,04080400,04105000,null,CPRD_GOLD
73815,Diazepam 5mg tablets (Alliance Healthcare (Distribution) Ltd) Diazepam 5mg Tablet Oral,04010201,04080400,04105000,null,CPRD_GOLD
28347,Diazepam 2mg Tablet (Crosspharma Ltd) Diazepam 2mg Tablet Oral,04010100,04010200,null,null,CPRD_GOLD
64879,Clobazam 5mg/5ml oral suspension sugar free (A A H Pharmaceuticals Ltd) Clobazam 1mg/1ml Oral suspension Oral,04010201,04080100,null,null,CPRD_GOLD
26837,XANAX    ,00000000,null,null,null,CPRD_GOLD
53461,Diazepam 2mg/5ml oral solution sugar free (A A H Pharmaceuticals Ltd) Diazepam 400microgram/1ml Oral solution Oral,04010201,04080400,04105000,null,CPRD_GOLD
43438,Chlordiazepoxide 5mg tablets (A A H Pharmaceuticals Ltd) Chlordiazepoxide hydrochloride 5mg Tablet Oral,04010201,10020200,null,null,CPRD_GOLD
68414,Diazepam 2mg/5ml oral solution sugar free (Alliance Healthcare (Distribution) Ltd) Diazepam 400microgram/1ml Oral solution Oral,04010201,04080400,04105000,null,CPRD_GOLD
28698,Valium 5mg Suppository (Roche Products Ltd) Diazepam 5mg Suppository Rectal,04010200,04080200,null,null,CPRD_GOLD
74065,Chlordiazepoxide 5mg/5ml oral suspension Chlordiazepoxide hydrochloride 1mg/1ml Oral suspension Oral,04010201,04105000,10020200,null,CPRD_GOLD
44302,Tropium 10mg tablets (Dr Reddy's Laboratories (UK) Ltd) Chlordiazepoxide hydrochloride 10mg Tablet Oral,04010201,10020200,null,null,CPRD_GOLD
64470,Chlordiazepoxide 10mg tablets (Phoenix Healthcare Distribution Ltd) Chlordiazepoxide hydrochloride 10mg Tablet Oral,04010201,04105000,10020200,null,CPRD_GOLD
73751,Diazepam 5mg/5ml oral suspension Diazepam 1mg/1ml Oral suspension Oral,04010201,04080200,04080300,null,CPRD_GOLD
4439,Libraxin Tablet (Roche Products Ltd) Chlordiazepoxide/Clidinium Bromide  Tablet Oral,01020100,04010200,null,null,CPRD_GOLD
23612,STESOLID (2ML)    ,00000000,null,null,null,CPRD_GOLD
52052,Clobazam 4mg/5ml oral suspension Clobazam 800microgram/1ml Oral suspension Oral,04080100,null,null,null,CPRD_GOLD
41303,Clobazam 25mg/5ml oral solution Clobazam 5mg/1ml Oral solution Oral,04080100,null,null,null,CPRD_GOLD
25893,Centrax 10mg Tablet (Parke-davis Research Laboratories) Prazepam 10mg Tablet Oral,04010200,null,null,null,CPRD_GOLD
52056,Clobazam 2.5mg/5ml oral suspension Clobazam 500microgram/1ml Oral suspension Oral,04080100,null,null,null,CPRD_GOLD
30273,Tropium 5mg tablets (Dr Reddy's Laboratories (UK) Ltd) Chlordiazepoxide hydrochloride 5mg Tablet Oral,04010201,10020200,null,null,CPRD_GOLD
74755,Diazepam 10mg/5ml oral suspension (Special Order) Diazepam 2mg/1ml Oral suspension Oral,04010201,04080200,04080300,null,CPRD_GOLD
51754,Diazepam 10mg/2ml solution for injection ampoules (A A H Pharmaceuticals Ltd) Diazepam 5mg/1ml Solution for injection Intravenous/Intramuscular,04010201,04080200,04080300,null,CPRD_GOLD
63694,Diazepam 2mg tablets (Phoenix Healthcare Distribution Ltd) Diazepam 2mg Tablet Oral,04010201,04080400,04105000,null,CPRD_GOLD
41582,Chlordiazepoxide 5mg capsules (Actavis UK Ltd) Chlordiazepoxide hydrochloride 5mg Capsule Oral,04010201,10020200,null,null,CPRD_GOLD
34681,Diazepam 5mg Tablet (Crosspharma Ltd) Diazepam 5mg Tablet Oral,04010100,04010200,null,null,CPRD_GOLD
57749,Diazepam 5mg tablets (Waymade Healthcare Plc) Diazepam 5mg Tablet Oral,04010201,04080400,04105000,null,CPRD_GOLD
29806,CLOBAZAM 7.5 MG CAP    ,00000000,null,null,null,CPRD_GOLD
61443,Buspirone 10mg tablets (A A H Pharmaceuticals Ltd) Buspirone hydrochloride 10mg Tablet Oral,04010200,null,null,null,CPRD_GOLD
46847,Buspirone 10mg tablets (Actavis UK Ltd) Buspirone hydrochloride 10mg Tablet Oral,04010200,null,null,null,CPRD_GOLD
34892,Diazepam 5mg Tablet (Berk Pharmaceuticals Ltd) Diazepam 5mg Tablet Oral,04010100,04010200,null,null,CPRD_GOLD
28321,CHLORDIAZEPOXIDE    ,00000000,null,null,null,CPRD_GOLD
50389,Clobazam 4mg/5ml oral solution Clobazam 800microgram/1ml Oral solution Oral,04080100,null,null,null,CPRD_GOLD
41601,Oxazepam 15mg Tablet (IVAX Pharmaceuticals UK Ltd) Oxazepam 15mg Tablet Oral,04010200,null,null,null,CPRD_GOLD
62926,Clobazam 7.5mg/5ml oral suspension Clobazam 1.5mg/1ml Oral suspension Oral,04080100,null,null,null,CPRD_GOLD
72730,Stesolid 5mg/ml Injection (Actavis UK Ltd) Diazepam 5mg/1ml Solution for injection Intravenous/Intramuscular,04010200,04080200,null,null,CPRD_GOLD
52680,Clobazam 7.5mg/5ml oral solution Clobazam 1.5mg/1ml Oral solution Oral,04080100,null,null,null,CPRD_GOLD
71813,Clobazam 20mg/5ml oral suspension Clobazam 4mg/1ml Oral suspension Oral,04080100,null,null,null,CPRD_GOLD
23796,Ketazolam 15mg Capsule Ketazolam 15mg Capsule Oral,04010200,null,null,null,CPRD_GOLD
67451,Diazepam 2mg tablets (Mawdsley-Brooks & Company Ltd) Diazepam 2mg Tablet Oral,04010201,04080400,04105000,null,CPRD_GOLD
67554,Lorazepam 1mg tablets (Almus Pharmaceuticals Ltd) Lorazepam 1mg Tablet Oral,04010201,15010401,null,null,CPRD_GOLD
18928,FLURAZEPAM 30 MG TAB    ,00000000,null,null,null,CPRD_GOLD
57268,Lorazepam 2.5mg tablets (Sandoz Ltd) Lorazepam 2.5mg Tablet Oral,04010201,15010401,null,null,CPRD_GOLD
46946,Oxazepam 15mg tablets (Genus Pharmaceuticals Ltd) Oxazepam 15mg Tablet Oral,04010201,null,null,null,CPRD_GOLD
76218,Lorazepam 500micrograms/5ml oral suspension (Drug Tariff Special Order) Lorazepam 100microgram/1ml Oral suspension Oral,04010201,15010401,null,null,CPRD_GOLD
16734,Diazepam rectubes 20mg Rectal tubes (C P Pharmaceuticals Ltd) Diazepam 20mg Rectal Tubes Rectal,04010200,04080200,null,null,CPRD_GOLD
25007,Chlordiazepozide 100mg injection Chlordiazepoxide Hydrochloride 100mg Injection ,04010200,null,null,null,CPRD_GOLD
77999,Clobazam 5mg/5ml oral suspension sugar free (Thame Laboratories Ltd) Clobazam 1mg/1ml Oral suspension Oral,04010201,04080100,null,null,CPRD_GOLD
21081,Amitriptyline 12.5mg / Chlordiazepoxide 5mg capsules Amitriptyline Hydrochloride/Chlordiazepoxide 12.5mg + 5mg Capsules Oral,04030100,null,null,null,CPRD_GOLD
12130,Anxon 30mg Capsule (Beecham Research Laboratories) Ketazolam 30mg Capsule Oral,04010200,null,null,null,CPRD_GOLD
77653,Diazepam 5mg/2.5ml rectal solution tube (A A H Pharmaceuticals Ltd) Diazepam 2mg/1ml Enema Rectal,04010201,04080200,04080300,null,CPRD_GOLD
78738,Diazepam 5mg Tablet (M & A Pharmachem Ltd) Diazepam 5mg Tablet Oral,04010100,04010200,null,null,CPRD_GOLD
78243,Lorazepam 250micrograms/5ml oral solution Lorazepam 50microgram/1ml Oral solution Oral,04010201,15010401,null,null,CPRD_GOLD
32417,Diazepam 10mg/2ml solution for injection ampoules (Wockhardt UK Ltd) Diazepam 5mg/1ml Solution for injection Intravenous/Intramuscular,04010201,04080200,04080300,null,CPRD_GOLD
36604,Oxazepam 10mg tablets (A A H Pharmaceuticals Ltd) Oxazepam 10mg Tablet Oral,04010201,null,null,null,CPRD_GOLD
41632,Diazepam 10mg tablets (A A H Pharmaceuticals Ltd) Diazepam 10mg Tablet Oral,04010201,04080400,04105000,null,CPRD_GOLD
73661,Clobazam 10mg tablets (Teva UK Ltd) Clobazam 10mg Tablet Oral,04080100,null,null,null,CPRD_GOLD
67263,Buspar 5mg tablets (Dowelhurst Ltd) Buspirone hydrochloride 5mg Tablet Oral,04010200,null,null,null,CPRD_GOLD
33776,Diazepam 10mg/2ml solution for injection ampoules (Hameln Pharmaceuticals Ltd) Diazepam 5mg/1ml Solution for injection Intravenous/Intramuscular,04010201,04080200,04080300,null,CPRD_GOLD
71336,Diazepam 2mg tablets (DE Pharmaceuticals) Diazepam 2mg Tablet Oral,04010201,04080400,04105000,null,CPRD_GOLD
69810,Diazepam 5mg tablets (Crescent Pharma Ltd) Diazepam 5mg Tablet Oral,04010201,04080400,04105000,null,CPRD_GOLD
62216,Diazepam 10mg tablets (Almus Pharmaceuticals Ltd) Diazepam 10mg Tablet Oral,04010201,04080400,04105000,null,CPRD_GOLD
10600,STESOLID (2ML) 5 MG/ML INJ    ,00000000,null,null,null,CPRD_GOLD
41581,Chlordiazepoxide 10mg Capsule (IVAX Pharmaceuticals UK Ltd) Chlordiazepoxide hydrochloride 10mg Capsule Oral,04010200,null,null,null,CPRD_GOLD
34615,Diazepam 5mg tablets (Mylan) Diazepam 5mg Tablet Oral,04010201,04080200,04080300,null,CPRD_GOLD
46796,Clobazam 10mg/5ml oral solution Clobazam 2mg/1ml Oral solution Oral,04080100,null,null,null,CPRD_GOLD
34561,Diazepam 2mg Tablet (Regent Laboratories Ltd) Diazepam 2mg Tablet Oral,04010100,04010200,null,null,CPRD_GOLD
41531,Oxazepam 10mg tablets (Actavis UK Ltd) Oxazepam 10mg Tablet Oral,04010201,null,null,null,CPRD_GOLD
28879,Chlordiazepoxide 5mg Tablet (DDSA Pharmaceuticals Ltd) Chlordiazepoxide hydrochloride 5mg Tablet Oral,04010200,null,null,null,CPRD_GOLD
24422,FLURAZEPAM 10 MG TAB    ,00000000,null,null,null,CPRD_GOLD
59407,Diazepam 5mg tablets (DE Pharmaceuticals) Diazepam 5mg Tablet Oral,04010201,04080400,04105000,null,CPRD_GOLD
10909,DIAZEPAM S/R 10 MG CAP    ,00000000,null,null,null,CPRD_GOLD
77536,Atensine 5mg Tablet (Rorer Pharmaceuticals Ltd) Diazepam 5mg Tablet Oral,04010100,04010200,null,null,CPRD_GOLD
34928,Chlordiazepoxide 5mg Capsule (DDSA Pharmaceuticals Ltd) Chlordiazepoxide hydrochloride 5mg Capsule Oral,04010200,null,null,null,CPRD_GOLD
28360,Ketazolam 30mg Capsule Ketazolam 30mg Capsule Oral,04010200,null,null,null,CPRD_GOLD
41606,Chlordiazepoxide 5mg Capsule (Approved Prescription Services Ltd) Chlordiazepoxide hydrochloride 5mg Capsule Oral,04010200,null,null,null,CPRD_GOLD
34807,Diazepam 10mg tablets (Actavis UK Ltd) Diazepam 10mg Tablet Oral,04010201,04080400,04105000,null,CPRD_GOLD
27880,Tropium 5mg capsules (Dr Reddy's Laboratories (UK) Ltd) Chlordiazepoxide hydrochloride 5mg Capsule Oral,04010201,10020200,null,null,CPRD_GOLD
34338,Diazepam 2mg tablets (Mylan) Diazepam 2mg Tablet Oral,04010201,04080200,04080300,null,CPRD_GOLD
34677,Diazepam 2mg tablets (IVAX Pharmaceuticals UK Ltd) Diazepam 2mg Tablet Oral,04010201,04080200,04080300,null,CPRD_GOLD
67957,Diazepam 5mg/5ml oral suspension (A A H Pharmaceuticals Ltd) Diazepam 1mg/1ml Oral suspension Oral,04010201,null,null,null,CPRD_GOLD
20514,Valium 10mg Suppository (Roche Products Ltd) Diazepam 10mg Suppository Rectal,04010200,04080200,null,null,CPRD_GOLD
62270,Chlordiazepoxide 10mg tablets (A A H Pharmaceuticals Ltd) Chlordiazepoxide hydrochloride 10mg Tablet Oral,04010201,04105000,10020200,null,CPRD_GOLD
69437,Perizam 2mg/ml oral suspension (Rosemont Pharmaceuticals Ltd) Clobazam 2mg/1ml Oral suspension Oral,04010201,04080100,null,null,CPRD_GOLD
41689,Diazepam 10mg Suppository (Sinclair IS Pharma Plc) Diazepam 10mg Suppository Rectal,04010200,04080200,null,null,CPRD_GOLD
40153,Buspirone 10mg Tablet (Galen Ltd) Buspirone hydrochloride 10mg Tablet Oral,04010200,null,null,null,CPRD_GOLD
69976,Clobazam 1mg/5ml oral suspension Clobazam 200microgram/1ml Oral suspension Oral,04080100,null,null,null,CPRD_GOLD
19315,DIAZEPAM 20 MG INJ    ,00000000,null,null,null,CPRD_GOLD
36200,Lorazepam 1mg tablets (Mylan) Lorazepam 1mg Tablet Oral,04010201,15010401,null,null,CPRD_GOLD
46966,Diazepam 5mg tablets (IVAX Pharmaceuticals UK Ltd) Diazepam 5mg Tablet Oral,04010201,04080200,04080300,null,CPRD_GOLD
34033,Diazepam 5mg/2.5ml rectal solution tube (Sandoz Ltd) Diazepam 2mg/1ml Enema Rectal,04010201,04080200,10020200,null,CPRD_GOLD
32231,Librium 25mg Tablet (ICN Pharmaceuticals France S.A.) Chlordiazepoxide Hydrochloride 25mg Tablet Oral,04010200,null,null,null,CPRD_GOLD
45829,Lorazepam 1mg tablets (Sandoz Ltd) Lorazepam 1mg Tablet Oral,04010201,15010401,null,null,CPRD_GOLD
54695,Diazepam 10mg Tablet (M & A Pharmachem Ltd) Diazepam 10mg Tablet Oral,04010100,04010200,null,null,CPRD_GOLD
33086,Lorazepam 1mg tablets (Teva UK Ltd) Lorazepam 1mg Tablet Oral,04010201,15010401,null,null,CPRD_GOLD
35936,Chlordiazepoxide 5mg capsules (A A H Pharmaceuticals Ltd) Chlordiazepoxide hydrochloride 5mg Capsule Oral,04010201,04105000,10020200,null,CPRD_GOLD
63238,Diazepam 2mg tablets (Waymade Healthcare Plc) Diazepam 2mg Tablet Oral,04010201,04080400,04105000,null,CPRD_GOLD
34293,Diazepam 10mg tablets (Mylan) Diazepam 10mg Tablet Oral,04010201,04080200,04080300,null,CPRD_GOLD
41607,Diazepam 10mg tablets (Teva UK Ltd) Diazepam 10mg Tablet Oral,04010201,04080400,04105000,null,CPRD_GOLD
35932,Lorazepam 2.5mg tablets (Teva UK Ltd) Lorazepam 2.5mg Tablet Oral,04010201,15010401,null,null,CPRD_GOLD
41391,Lorazepam 1mg tablets (Arrow Generics Ltd) Lorazepam 1mg Tablet Oral,04010201,15010401,null,null,CPRD_GOLD
62541,Diazepam 2mg tablets (Sovereign Medical Ltd) Diazepam 2mg Tablet Oral,04010201,04080400,04105000,null,CPRD_GOLD
77652,Chlordiazepoxide 5mg capsules (Ranbaxy (UK) Ltd) Chlordiazepoxide hydrochloride 5mg Capsule Oral,04010201,04105000,10020200,null,CPRD_GOLD
45244,Diazepam 5mg tablets (Sandoz Ltd) Diazepam 5mg Tablet Oral,04010201,04080200,04080300,null,CPRD_GOLD
70536,Diazepam 1mg/5ml oral solution Diazepam 200microgram/1ml Oral solution Oral,04010201,04080200,04080300,null,CPRD_GOLD
51425,Clobazam 2.5mg/5ml oral solution Clobazam 500microgram/1ml Oral solution Oral,04080100,null,null,null,CPRD_GOLD
8742,Clidinium bromide with Chlordiazepoxide tablets Chlordiazepoxide/Clidinium Bromide  Tablets Oral,01020100,04010200,null,null,CPRD_GOLD
8464,Meprobamate with bendroflumethiazide Tablet Bendroflumethiazide/Meprobamate  Tablet Oral,02020100,04010200,null,null,CPRD_GOLD
78306,Diazepam 2mg/5ml oral suspension (Alliance Healthcare (Distribution) Ltd) Diazepam 400microgram/1ml Oral suspension Oral,04010201,04080200,04080300,null,CPRD_GOLD
40386,Chlordiazepoxide 25mg Tablet (DDSA Pharmaceuticals Ltd) Chlordiazepoxide Hydrochloride 25mg Tablet Oral,04010200,null,null,null,CPRD_GOLD
18342,Amitriptyline 25mg / Chlordiazepoxide 10mg capsules Amitriptyline Hydrochloride/Chlordiazepoxide 25mg + 10mg Capsules Oral,04030100,null,null,null,CPRD_GOLD
64200,Diazepam 2mg tablets (Alliance Healthcare (Distribution) Ltd) Diazepam 2mg Tablet Oral,04010201,04080400,04105000,null,CPRD_GOLD
78434,Lorazepam 1mg Tablet (C P Pharmaceuticals Ltd) Lorazepam 1mg Tablet Oral,04010200,15010401,null,null,CPRD_GOLD
28703,Evacalm 5mg Tablet (Unimed Pharmaceuticals Ltd) Diazepam 5mg Tablet Oral,04010100,04010200,null,null,CPRD_GOLD
3973,Tensium 10mg tablets (DDSA Pharmaceuticals Ltd) Diazepam 10mg Tablet Oral,04010201,04080200,04080300,null,CPRD_GOLD
41629,Chlordiazepoxide 10mg Capsule (DDSA Pharmaceuticals Ltd) Chlordiazepoxide hydrochloride 10mg Capsule Oral,04010200,null,null,null,CPRD_GOLD
29945,Diazepam 2mg tablets (Ranbaxy (UK) Ltd) Diazepam 2mg Tablet Oral,04010201,04080200,04080300,null,CPRD_GOLD
24321,Paxane 30mg Capsule (M A Steinhard Ltd) Flurazepam hydrochloride 30mg Capsule Oral,04010100,null,null,null,CPRD_GOLD
12278,FLURAZEPAM 15 MG TAB    ,00000000,null,null,null,CPRD_GOLD
60936,Diazepam 5mg tablets (Arrow Generics Ltd) Diazepam 5mg Tablet Oral,04010201,04080200,04080300,null,CPRD_GOLD
19533,STESOLID RECTAL    ,00000000,null,null,null,CPRD_GOLD
10954,Ativan 1mg Tablet (Wyeth Pharmaceuticals) Lorazepam 1mg Tablet Oral,04010200,15010401,null,null,CPRD_GOLD
16169,Librium 100mg Injection (Roche Products Ltd) Chlordiazepoxide Hydrochloride 100mg Injection ,04010200,null,null,null,CPRD_GOLD
58959,Diazepam 10mg/5ml oral solution (AM Distributions (Yorkshire) Ltd) Diazepam 2mg/1ml Oral solution Oral,04010201,04080200,10020200,null,CPRD_GOLD
36581,Atensine 10mg Tablet (Rorer Pharmaceuticals Ltd) Diazepam 10mg Tablet Oral,04010100,04010200,null,null,CPRD_GOLD
33070,Solis 5mg Capsule (Galen Ltd) Diazepam 5mg Capsule Oral,04010100,04010200,null,null,CPRD_GOLD
45135,Diazepam 2mg Tablet (M & A Pharmachem Ltd) Diazepam 2mg Tablet Oral,04010100,04010200,null,null,CPRD_GOLD
32853,Diazepam 2mg/5ml oral solution (Sandoz Ltd) Diazepam 400microgram/1ml Oral solution Oral,04010201,04080200,10020200,null,CPRD_GOLD
41583,Chlordiazepoxide 10mg capsules (Actavis UK Ltd) Chlordiazepoxide hydrochloride 10mg Capsule Oral,04010201,10020200,null,null,CPRD_GOLD
78362,Chlordiazepoxide 10mg tablets (Waymade Healthcare Plc) Chlordiazepoxide hydrochloride 10mg Tablet Oral,04010201,04105000,10020200,null,CPRD_GOLD
71245,Diazepam 5mg tablets (Relonchem Ltd) Diazepam 5mg Tablet Oral,04010201,04080400,04105000,null,CPRD_GOLD
7444,Ativan 4mg/1ml solution for injection ampoules (Pfizer Ltd) Lorazepam 4mg/1ml Solution for injection Intravenous/Intramuscular,04010201,04080200,15010401,null,CPRD_GOLD
52093,Clobazam 100mg/5ml oral suspension Clobazam 20mg/1ml Oral suspension Oral,04080100,null,null,null,CPRD_GOLD
10790,Medazepam 10mg Capsule Medazepam 10mg Capsule Oral,04010200,null,null,null,CPRD_GOLD
74342,Diazepam 5mg tablets (Almus Pharmaceuticals Ltd) Diazepam 5mg Tablet Oral,04010201,04080400,04105000,null,CPRD_GOLD
57510,Frisium 10mg tablets (Waymade Healthcare Plc) Clobazam 10mg Tablet Oral,04080100,null,null,null,CPRD_GOLD
41602,Oxazepam 15mg tablets (Actavis UK Ltd) Oxazepam 15mg Tablet Oral,04010201,null,null,null,CPRD_GOLD
79861,Lorazepam 2.5mg orodispersible tablets Lorazepam 2.5mg Orodispersible tablet Oral,04010201,15010401,null,null,CPRD_GOLD
72832,Clobazam 1.5mg/5ml oral suspension Clobazam 300microgram/1ml Oral suspension Oral,04080100,null,null,null,CPRD_GOLD
74984,Diazepam 2mg/5ml oral solution sugar free (Almus Pharmaceuticals Ltd) Diazepam 400microgram/1ml Oral solution Oral,04010201,04080400,04105000,null,CPRD_GOLD
41542,Oxazepam 10mg Tablet (IVAX Pharmaceuticals UK Ltd) Oxazepam 10mg Tablet Oral,04010200,null,null,null,CPRD_GOLD
67297,Diazepam 25mg/5ml oral solution Diazepam 5mg/1ml Oral solution Oral,04010201,04080200,04080300,null,CPRD_GOLD
70255,Clobazam 2mg/5ml oral suspension Clobazam 400microgram/1ml Oral suspension Oral,04080100,null,null,null,CPRD_GOLD
70981,Clobazam 3.5mg/5ml oral suspension Clobazam 700microgram/1ml Oral suspension Oral,04080100,null,null,null,CPRD_GOLD
34876,Diazepam 2mg Tablet (Berk Pharmaceuticals Ltd) Diazepam 2mg Tablet Oral,04010100,04010200,null,null,CPRD_GOLD
79387,Chlordiazepoxide 10mg Tablet (IVAX Pharmaceuticals UK Ltd) Chlordiazepoxide hydrochloride 10mg Tablet Oral,04010200,null,null,null,CPRD_GOLD
76192,Diazepam 2.5mg/5ml Liquid (Rosemont Pharmaceuticals Ltd) Diazepam 500microgram/1ml Oral suspension Oral,04010100,04010200,null,null,CPRD_GOLD
41574,Chlordiazepoxide 10mg Capsule (Approved Prescription Services Ltd) Chlordiazepoxide hydrochloride 10mg Capsule Oral,04010200,null,null,null,CPRD_GOLD
61450,Lorazepam 1mg tablets (A A H Pharmaceuticals Ltd) Lorazepam 1mg Tablet Oral,04010201,15010401,null,null,CPRD_GOLD
81493,Lorazepam 500microgram tablets (Advanz Pharma) ,04010201,15010401,null,null,CPRD_GOLD
81622,Lorazepam 1mg tablets (Actavis UK Ltd)Lorazepam1mgTabletOral ,04010201,15010401,null,null,CPRD_GOLD
82393,Buspirone 5mg tablets (Almus Pharmaceuticals Ltd)Buspirone hydrochloride5mgTabletOral ,04010200,null,null,null,CPRD_GOLD
82395,Chlordiazepoxide 10mg capsules (Ranbaxy (UK) Ltd)Chlordiazepoxide hydrochloride10mgCapsuleOral ,04010201,04105000,10020200,null,CPRD_GOLD
22189,CHLORDIAZEPOXIDE    ,00000000,null,null,null,CPRD_GOLD
19528,STESOLID RECTAL    ,00000000,null,null,null,CPRD_GOLD
46,Diazepam 2mg tablets Diazepam 2mg Tablet Oral,04010201,04080400,04105000,null,CPRD_GOLD
47,Diazepam 5mg tablets Diazepam 5mg Tablet Oral,04010201,04080400,04105000,null,CPRD_GOLD
176,VALIUM 10 MG INJ    ,00000000,null,null,null,CPRD_GOLD
664,Lorazepam 4mg/1ml solution for injection ampoules Lorazepam 4mg/1ml Solution for injection Intravenous/Intramuscular,04010201,04080200,15010401,null,CPRD_GOLD
1088,Lorazepam 1mg tablets Lorazepam 1mg Tablet Oral,04010201,15010401,null,null,CPRD_GOLD
1400,Diazepam 10mg tablets Diazepam 10mg Tablet Oral,04010201,04080400,04105000,null,CPRD_GOLD
1463,Chlordiazepoxide 10mg capsules Chlordiazepoxide hydrochloride 10mg Capsule Oral,04010201,04105000,10020200,null,CPRD_GOLD
1909,Trancopal 200mg Tablet (Sanofi-Synthelabo Ltd) Chlormezanone 200mg Tablet Oral,04010200,10020200,null,null,CPRD_GOLD
2078,Diazepam 5mg RecTubes (Wockhardt UK Ltd) Diazepam 2mg/1ml Enema Rectal,04010201,04080200,04080300,null,CPRD_GOLD
2083,Diazepam 10mg RecTubes (Wockhardt UK Ltd) Diazepam 4mg/1ml Enema Rectal,04010201,04080200,04080300,null,CPRD_GOLD
2091,Lorazepam 2.5mg tablets Lorazepam 2.5mg Tablet Oral,04010201,15010401,null,null,CPRD_GOLD
2122,Chlordiazepoxide 5mg capsules Chlordiazepoxide hydrochloride 5mg Capsule Oral,04010201,04105000,10020200,null,CPRD_GOLD
2352,Diazepam 2mg/5ml oral solution Diazepam 400microgram/1ml Oral solution Oral,04010201,04080200,10020200,null,CPRD_GOLD
2394,Buspar 5mg tablets (IXL Pharma Ltd) Buspirone hydrochloride 5mg Tablet Oral,04010200,null,null,null,CPRD_GOLD
2401,Valium 2mg Tablet (Roche Products Ltd) Diazepam 2mg Tablet Oral,04010100,04010200,null,null,CPRD_GOLD
2828,Meprobamate 400mg tablets Meprobamate 400mg Tablet Oral,04010200,null,null,null,CPRD_GOLD
3105,Dalmane 30mg capsules (Mylan) Flurazepam hydrochloride 30mg Capsule Oral,04010201,null,null,null,CPRD_GOLD
3109,CLOBAZAM 5 MG TAB    ,00000000,null,null,null,CPRD_GOLD
3110,Clobazam 10mg capsules Clobazam 10mg Capsules Oral,04010200,04080100,null,null,CPRD_GOLD
3111,Clobazam 10mg tablets Clobazam 10mg Tablet Oral,04080100,null,null,null,CPRD_GOLD
3147,Chlordiazepoxide 10mg tablets Chlordiazepoxide Hydrochloride 10mg Tablets Oral,04010200,null,null,null,CPRD_GOLD
3205,Diazepam 5mg Diazepam 5mg Capsules Oral,04010100,04010200,null,null,CPRD_GOLD
8913,Librium 10mg Capsule (ICN Pharmaceuticals France S.A.) Chlordiazepoxide hydrochloride 10mg Capsule Oral,04010200,null,null,null,CPRD_GOLD
3574,Buspirone 5mg tablets Buspirone hydrochloride 5mg Tablet Oral,04010200,null,null,null,CPRD_GOLD
3639,Meprobamate 200mg Tablet Meprobamate 200mg Tablet Oral,04010200,10020200,null,null,CPRD_GOLD
3870,Diazepam 2mg capsules Diazepam 2mg Capsules Oral,04010100,04010200,null,null,CPRD_GOLD
3950,Flurazepam 15mg capsules Flurazepam hydrochloride 15mg Capsule Oral,04010201,null,null,null,CPRD_GOLD
3956,Dalmane 15mg capsules (Mylan) Flurazepam hydrochloride 15mg Capsule Oral,04010201,null,null,null,CPRD_GOLD
4140,Oxazepam 30mg Capsule Oxazepam 30mg Capsule Oral,04010200,null,null,null,CPRD_GOLD
4141,Oxazepam 15mg tablets Oxazepam 15mg Tablet Oral,04010201,null,null,null,CPRD_GOLD
4176,Diazepam 10mg/2.5ml rectal solution tube Diazepam 4mg/1ml Enema Rectal,04010201,04080200,04080300,null,CPRD_GOLD
4338,Valium 5mg Tablet (Roche Products Ltd) Diazepam 5mg Tablet Oral,04010100,04010200,null,null,CPRD_GOLD
4395,Stesolid 5mg rectal tube (Accord Healthcare Ltd) Diazepam 2mg/1ml Enema Rectal,04010201,04080200,04080300,null,CPRD_GOLD
4543,Chlordiazepoxide 5mg tablets Chlordiazepoxide Hydrochloride 5mg Tablets Oral,04010200,null,null,null,CPRD_GOLD
4566,Oxazepam 10mg tablets Oxazepam 10mg Tablet Oral,04010201,null,null,null,CPRD_GOLD
4587,DIAZEPAM RECTAL 4 MG SOL    ,00000000,null,null,null,CPRD_GOLD
5294,Chlordiazepoxide 10mg tablets Chlordiazepoxide hydrochloride 10mg Tablet Oral,04010201,04105000,10020200,null,CPRD_GOLD
5385,Buspirone 10mg tablets Buspirone hydrochloride 10mg Tablet Oral,04010200,null,null,null,CPRD_GOLD
5793,Stesolid 10mg Rectal tubes (Dumex Ltd) Diazepam 4mg/1ml Enema Rectal,04010200,04080200,null,null,CPRD_GOLD
5842,Diazepam 2.5mg/1.25ml rectal solution tube Diazepam 2mg/1ml Enema Rectal,04010201,04080200,04080300,null,CPRD_GOLD
6025,Chlordiazepoxide 5mg tablets Chlordiazepoxide hydrochloride 5mg Tablet Oral,04010201,04105000,10020200,null,CPRD_GOLD
6516,Chlordiazepoxide 25mg tablets Chlordiazepoxide Hydrochloride 25mg Tablets Oral,04010200,null,null,null,CPRD_GOLD
6747,Diazepam 5mg/2.5ml rectal solution tube Diazepam 2mg/1ml Enema Rectal,04010201,04080200,04080300,null,CPRD_GOLD
7566,Flurazepam 30mg capsules Flurazepam hydrochloride 30mg Capsule Oral,04010201,null,null,null,CPRD_GOLD
7652,OXAZEPAM 15 MG CAP    ,00000000,null,null,null,CPRD_GOLD
8184,DIAZEPAM 10 MG INJ    ,00000000,null,null,null,CPRD_GOLD
8303,Tenavoid Tablet (Edwin Burgess Ltd) Bendroflumethiazide/Meprobamate  Tablet Oral,02020100,04010200,null,null,CPRD_GOLD
8334,Diazepam 10mg suppositories Diazepam 10mg Suppository Rectal,04010201,04080200,04080300,null,CPRD_GOLD
8345,Stesolid 10mg rectal tube (Accord Healthcare Ltd) Diazepam 4mg/1ml Enema Rectal,04010201,04080200,10020200,null,CPRD_GOLD
8487,Frisium 10mg Capsule (Aventis Pharma) Clobazam 10mg Capsule Oral,04010200,04080100,null,null,CPRD_GOLD
8550,Chlordiazepoxide 25mg tablets Chlordiazepoxide Hydrochloride 25mg Tablets Oral,04010200,null,null,null,CPRD_GOLD
8721,Oxazepam 30mg Tablet Oxazepam 30mg Tablet Oral,04010200,null,null,null,CPRD_GOLD
8842,DIAZEPAM RECTAL 2 MG/ML SOL    ,00000000,null,null,null,CPRD_GOLD
9008,Buspar 10mg tablets (IXL Pharma Ltd) Buspirone hydrochloride 10mg Tablet Oral,04010200,null,null,null,CPRD_GOLD
9048,Librium 5mg Tablet (ICN Pharmaceuticals France S.A.) Chlordiazepoxide hydrochloride 5mg Tablet Oral,04010200,null,null,null,CPRD_GOLD
9065,Diazepam 5mg/5ml oral solution Diazepam 1mg/1ml Oral solution Oral,04010201,04080200,04080300,null,CPRD_GOLD
9111,Diazepam 10mg capsules Diazepam 10mg Capsules Oral,04010100,04010200,null,null,CPRD_GOLD
9430,Diazepam 2.5mg/5ml oral suspension Diazepam 500microgram/1ml Oral suspension Oral,04010201,04080200,04080300,null,CPRD_GOLD
9696,Alprazolam 250microgram tablets Alprazolam 250microgram Tablet Oral,04010201,null,null,null,CPRD_GOLD
9721,Lexotan 3mg Tablet (Roche Products Ltd) Bromazepam 3mg Tablet Oral,04010200,null,null,null,CPRD_GOLD
10274,Diazepam 2mg/5ml oral solution sugar free Diazepam 400microgram/1ml Oral solution Oral,04010201,04080400,04105000,null,CPRD_GOLD
10402,Valium 10mg Tablet (Roche Products Ltd) Diazepam 10mg Tablet Oral,04010100,04010200,null,null,CPRD_GOLD
10409,LORAZEPAM .5 MG TAB    ,00000000,null,null,null,CPRD_GOLD
10676,MEPROBAMATE 400 MG CAP    ,00000000,null,null,null,CPRD_GOLD
10694,CLOBAZAM 2.5 MG CAP    ,00000000,null,null,null,CPRD_GOLD
10789,Nobrium 10mg Capsule (Roche Products Ltd) Medazepam 10mg Capsule Oral,04010200,null,null,null,CPRD_GOLD
10791,Nobrium 5mg Capsule (Roche Products Ltd) Medazepam 5mg Capsule Oral,04010200,null,null,null,CPRD_GOLD
10802,Xanax 250microgram tablets (Upjohn UK Ltd) Alprazolam 250microgram Tablet Oral,04010201,null,null,null,CPRD_GOLD
11486,Alprazolam 500microgram tablets Alprazolam 500microgram Tablet Oral,04010201,null,null,null,CPRD_GOLD
11958,Lexotan 1.5mg Tablet (Roche Products Ltd) Bromazepam 1.5mg Tablet Oral,04010200,null,null,null,CPRD_GOLD
11963,Limbitrol 10 Capsule (Roche Products Ltd) Amitriptyline Hydrochloride/Chlordiazepoxide  Capsule Oral,04030100,null,null,null,CPRD_GOLD
12038,Chlormezanone 200mg tablets Chlormezanone 200mg Tablets Oral,04010200,10020200,null,null,CPRD_GOLD
12124,Diazepam 10mg/2ml solution for injection ampoules Diazepam 5mg/1ml Solution for injection Intravenous/Intramuscular,04010201,04080200,04080300,null,CPRD_GOLD
12237,Diazepam 10mg/2ml emulsion for injection ampoules Diazepam 5mg/1ml Emulsion for injection Intravenous,04010201,04080200,04080300,null,CPRD_GOLD
12452,Anxon 15mg Capsule (Beecham Research Laboratories) Ketazolam 15mg Capsule Oral,04010200,null,null,null,CPRD_GOLD
12477,Librium 5mg Capsule (ICN Pharmaceuticals France S.A.) Chlordiazepoxide hydrochloride 5mg Capsule Oral,04010200,null,null,null,CPRD_GOLD
12484,Equanil 200mg Tablet (Wyeth Pharmaceuticals) Meprobamate 200mg Tablet Oral,04010200,10020200,null,null,CPRD_GOLD
12512,Equanil 400mg Tablet (Wyeth Pharmaceuticals) Meprobamate 400mg Tablet Oral,04010200,10020200,null,null,CPRD_GOLD
12598,Xanax 500microgram tablets (Upjohn UK Ltd) Alprazolam 500microgram Tablet Oral,04010201,null,null,null,CPRD_GOLD
12849,Diazepam 10mg/5ml oral suspension Diazepam 2mg/1ml Oral suspension Oral,04010201,04080200,04080300,null,CPRD_GOLD
13279,Lorazepam 500micrograms/5ml oral suspension Lorazepam 100microgram/1ml Oral suspension Oral,04010201,15010401,null,null,CPRD_GOLD
13513,VALIUM 20 MG INJ    ,00000000,null,null,null,CPRD_GOLD
13756,Diazemuls 10mg/2ml emulsion for injection ampoules (Accord Healthcare Ltd) Diazepam 5mg/1ml Emulsion for injection Intravenous,04010201,04080200,04080300,null,CPRD_GOLD
14388,Frisium 10mg tablets (Sanofi) Clobazam 10mg Tablet Oral,04080100,null,null,null,CPRD_GOLD
14417,LORAZEPAM 1 MG SUS    ,00000000,null,null,null,CPRD_GOLD
14534,Limbitrol 5 Capsule (Roche Products Ltd) Amitriptyline Hydrochloride/Chlordiazepoxide  Capsule Oral,04030100,null,null,null,CPRD_GOLD
16610,Valium 5mg/ml Injection (Roche Products Ltd) Diazepam 5mg/1ml Solution for injection Intravenous/Intramuscular,04010200,04080200,null,null,CPRD_GOLD
17054,Clobazam 5mg/5ml oral suspension Clobazam 1mg/1ml Oral suspension Oral,04080100,null,null,null,CPRD_GOLD
17294,Librium 10mg Tablet (ICN Pharmaceuticals France S.A.) Chlordiazepoxide hydrochloride 10mg Tablet Oral,04010200,null,null,null,CPRD_GOLD
17830,Ativan 2.5mg Tablet (Wyeth Pharmaceuticals) Lorazepam 2.5mg Tablet Oral,04010200,15010401,null,null,CPRD_GOLD
18125,Librium 5mg capsules (Mylan) Chlordiazepoxide hydrochloride 5mg Capsule Oral,04010201,04105000,10020200,null,CPRD_GOLD
18350,CLOBAZAM 1 MG SUS    ,00000000,null,null,null,CPRD_GOLD
18488,Diazepam 2.5mg RecTubes (Wockhardt UK Ltd) Diazepam 2mg/1ml Enema Rectal,04010201,04080200,04080300,null,CPRD_GOLD
19299,Valium 5mg Capsule (Roche Products Ltd) Diazepam 5mg Capsule Oral,04010100,04010200,null,null,CPRD_GOLD
19941,Bromazepam 3mg tablets Bromazepam 3mg Tablets Oral,04010200,null,null,null,CPRD_GOLD
20164,Valium 2mg Capsule (Roche Products Ltd) Diazepam 2mg Capsule Oral,04010100,04010200,null,null,CPRD_GOLD
20966,Clobazam 10mg/5ml oral suspension Clobazam 2mg/1ml Oral suspension Oral,04080100,null,null,null,CPRD_GOLD
20968,Diazepam 2mg/5ml oral solution sugar free (Actavis UK Ltd) Diazepam 400microgram/1ml Oral solution Oral,04010201,04080400,04105000,null,CPRD_GOLD
22424,Bromazepam 1.5mg tablets Bromazepam 1.5mg Tablets Oral,04010200,null,null,null,CPRD_GOLD
23002,LORAZEPAM 5 MG TAB    ,00000000,null,null,null,CPRD_GOLD
23820,Diazepam 20mg rectal tubes Diazepam 20mg Rectal Tubes Rectal,04010200,04080200,null,null,CPRD_GOLD
24599,Librium 10mg capsules (Mylan) Chlordiazepoxide hydrochloride 10mg Capsule Oral,04010201,04105000,10020200,null,CPRD_GOLD
25273,Oxanid 10mg Tablet (M A Steinhard Ltd) Oxazepam 10mg Tablet Oral,04010200,null,null,null,CPRD_GOLD
28880,Buspirone 5mg Tablet (Galen Ltd) Buspirone hydrochloride 5mg Tablet Oral,04010200,null,null,null,CPRD_GOLD
30321,Valium 2mg/5ml Oral solution (Roche Products Ltd) Diazepam 400microgram/1ml Oral solution Oral,04010100,04010200,null,null,CPRD_GOLD
32296,Diazepam 5mg tablets (Actavis UK Ltd) Diazepam 5mg Tablet Oral,04010201,04080400,04105000,null,CPRD_GOLD
34045,Diazepam 5mg/5ml oral solution (Sandoz Ltd) Diazepam 1mg/1ml Oral solution Oral,04010201,04080200,10020200,null,CPRD_GOLD
34335,Diazepam 2mg tablets (Teva UK Ltd) Diazepam 2mg Tablet Oral,04010201,04080400,04105000,null,CPRD_GOLD
34482,Diazepam 5mg tablets (Teva UK Ltd) Diazepam 5mg Tablet Oral,04010201,04080400,04105000,null,CPRD_GOLD
34524,Diazepam 2mg tablets (Actavis UK Ltd) Diazepam 2mg Tablet Oral,04010201,04080400,04105000,null,CPRD_GOLD
34614,Diazepam 10mg/2.5ml rectal solution tube (Sandoz Ltd) Diazepam 4mg/1ml Enema Rectal,04010201,04080200,10020200,null,CPRD_GOLD
34635,Diazepam 5mg tablets (A A H Pharmaceuticals Ltd) Diazepam 5mg Tablet Oral,04010201,04080400,04105000,null,CPRD_GOLD
37566,Lorazepam 1mg/5ml oral suspension Lorazepam 200microgram/1ml Oral suspension Oral,04010201,15010401,null,null,CPRD_GOLD
37696,Clobazam 2.5mg capsules Clobazam 2.5mg Capsule Oral,04080100,null,null,null,CPRD_GOLD
37745,Lorazepam 1mg/5ml oral solution Lorazepam 200microgram/1ml Oral solution Oral,04010201,15010401,null,null,CPRD_GOLD
39284,Lorazepam 1mg tablets (Genus Pharmaceuticals Ltd) Lorazepam 1mg Tablet Oral,04010201,15010401,null,null,CPRD_GOLD
42503,Diazepam 5mg/5ml oral solution (A A H Pharmaceuticals Ltd) Diazepam 1mg/1ml Oral solution Oral,04010201,04080200,04080300,null,CPRD_GOLD
42814,Lorazepam 2.5mg tablets (Genus Pharmaceuticals Ltd) Lorazepam 2.5mg Tablet Oral,04010201,15010401,null,null,CPRD_GOLD
45218,Diazepam 5mg tablets (Ranbaxy (UK) Ltd) Diazepam 5mg Tablet Oral,04010201,04080200,04080300,null,CPRD_GOLD
45241,Chlordiazepoxide 10mg capsules (A A H Pharmaceuticals Ltd) Chlordiazepoxide hydrochloride 10mg Capsule Oral,04010201,04105000,10020200,null,CPRD_GOLD
45275,Buspirone 5mg tablets (Actavis UK Ltd) Buspirone hydrochloride 5mg Tablet Oral,04010200,null,null,null,CPRD_GOLD
46850,Clobazam 5mg/5ml oral solution Clobazam 1mg/1ml Oral solution Oral,04080100,null,null,null,CPRD_GOLD
46896,Lorazepam 500micrograms/5ml oral solution Lorazepam 100microgram/1ml Oral solution Oral,04010201,15010401,null,null,CPRD_GOLD
49504,Buspar 10mg tablets (Lexon (UK) Ltd) Buspirone hydrochloride 10mg Tablet Oral,04010200,null,null,null,CPRD_GOLD
51335,Diazepam 10mg/5ml oral solution Diazepam 2mg/1ml Oral solution Oral,04010201,04080200,10020200,null,CPRD_GOLD
51985,Diazepam 2mg/5ml oral suspension Diazepam 400microgram/1ml Oral suspension Oral,04010201,04080200,04080300,null,CPRD_GOLD
53566,Diazepam 2.5mg/5ml oral solution Diazepam 500microgram/1ml Oral solution Oral,04010201,04080200,04080300,null,CPRD_GOLD
54759,Clobazam 5mg/5ml oral suspension sugar free Clobazam 1mg/1ml Oral suspension Oral,04010201,04080100,null,null,CPRD_GOLD
54934,Tapclob 5mg/5ml oral suspension (Martindale Pharmaceuticals Ltd) Clobazam 1mg/1ml Oral suspension Oral,04010201,04080100,null,null,CPRD_GOLD
55481,Clobazam 10mg/5ml oral suspension sugar free Clobazam 2mg/1ml Oral suspension Oral,04010201,04080100,null,null,CPRD_GOLD
56551,Lorazepam 5mg/5ml oral solution Lorazepam 1mg/1ml Oral solution Oral,04010201,15010401,null,null,CPRD_GOLD
56781,Tapclob 10mg/5ml oral suspension (Martindale Pharmaceuticals Ltd) Clobazam 2mg/1ml Oral suspension Oral,04010201,04080100,null,null,CPRD_GOLD
57838,Diazepam 5mg tablets (Sovereign Medical Ltd) Diazepam 5mg Tablet Oral,04010201,04080400,04105000,null,CPRD_GOLD
59095,Buspirone 5mg tablets (A A H Pharmaceuticals Ltd) Buspirone hydrochloride 5mg Tablet Oral,04010200,null,null,null,CPRD_GOLD
59122,Diazepam 5mg/5ml oral solution (AM Distributions (Yorkshire) Ltd) Diazepam 1mg/1ml Oral solution Oral,04010201,04080200,04080300,null,CPRD_GOLD
60320,Clobazam 5mg/5ml oral suspension (Special Order) Clobazam 1mg/1ml Oral suspension Oral,04080100,null,null,null,CPRD_GOLD
61886,Lorazepam 5mg/5ml oral suspension Lorazepam 1mg/1ml Oral suspension Oral,04010201,15010401,null,null,CPRD_GOLD
64729,Lorazepam 1mg tablets (Genesis Pharmaceuticals Ltd) Lorazepam 1mg Tablet Oral,04010201,15010401,null,null,CPRD_GOLD
64876,Lorazepam 2mg/5ml oral suspension Lorazepam 400microgram/1ml Oral suspension Oral,04010201,15010401,null,null,CPRD_GOLD
67192,Diazepam 5mg/5ml oral suspension (Sandoz Ltd) Diazepam 1mg/1ml Oral suspension Oral,04010201,04080200,04080300,null,CPRD_GOLD
67193,Diazepam 2mg/5ml oral suspension (Sandoz Ltd) Diazepam 400microgram/1ml Oral suspension Oral,04010201,04080200,04080300,null,CPRD_GOLD
69764,Perizam 1mg/ml oral suspension (Rosemont Pharmaceuticals Ltd) Clobazam 1mg/1ml Oral suspension Oral,04010201,04080100,null,null,CPRD_GOLD
69783,Diazepam 2mg/5ml oral suspension (A A H Pharmaceuticals Ltd) Diazepam 400microgram/1ml Oral suspension Oral,04010201,04080200,04080300,null,CPRD_GOLD
70682,Lorazepam 1mg/ml oral solution sugar free Lorazepam 1mg/1ml Oral solution Oral,04010201,15010401,null,null,CPRD_GOLD
73526,Diazepam 2mg tablets (Crescent Pharma Ltd) Diazepam 2mg Tablet Oral,04010201,04080400,04105000,null,CPRD_GOLD
77799,Zacco 5mg/5ml oral suspension (Thame Laboratories Ltd) Clobazam 1mg/1ml Oral suspension Oral,04010201,04080100,null,null,CPRD_GOLD
78312,Lorazepam 1mg orodispersible tablets Lorazepam 1mg Orodispersible tablet Oral,04010201,15010401,null,null,CPRD_GOLD
78323,Lorazepam 500microgram tablets Lorazepam 500microgram Tablet Oral,04010201,15010401,null,null,CPRD_GOLD
78957,Buspirone 7.5mg tablets Buspirone hydrochloride 7.5mg Tablet Oral,04010200,null,null,null,CPRD_GOLD
